section,key,title,description,image,link,skills
profile,name,Karllos Miguel,"",https://i1.sndcdn.com/artworks-000232676344-vz9g30-t500x500.jpg,,
profile,role,"Front-End && Maker","",,,

about,about_me,"üëã Sobre Mim","Ol√°! Sou Karllos Miguel, um desenvolveddor Front-End apaixonado por criar experi√™ncias digitais incr√≠veis. Com habilidades em HTML, CSS, JavaScript e frameworks modernos, estou sempre buscando aprender e inovar. Al√©m disso, sou um entusiasta do movimento Maker, adorando trabalhar em projetos DIY e explorar novas tecnologias.",,,

social,GitHub,,,,https://github.com/eomiguel314,fab fa-github
social,LinkedIn,,,,https://www.linkedin.com/in/karllos-miguel-732361238//,fab fa-linkedin
social,Instagram,,,,https://instagram.com/xykk.miguel,fab fa-instagram
social,Facebook,,,,https://facebook.com/seuusuario,fab fa-facebook

skill,Front-End,,,,,HTML|CSS|JavaScript|React|Vue.js
skill,Design,,,,,Figma|Adobe XD|Sketch
skill,Arduino,,,,,C/C++|Sensors|Actuators|IoT

project,Gestao de Membros GPM,Gestao de Membros GPM,"Desenvolvimento de um sistema de gerenciamento para membros do Grupo de pesquisa em Mecatr√¥nica",https://gpmweb.vercel.app/assets/logo-DibBA87T.png,#,
project,Seguidor de Linha,Seguidor de Linha,"Desenvolvimento de um carrinho seguidor de linha pra participar da OBR 2025",https://www.blogdarobotica.com/wp-content/uploads/2024/08/22_Robo-seguidor-de-linha-1024x576.png,#,
project,Drone,Drone,"Ainda a fazer...",https://hackster.imgix.net/uploads/attachments/1436386/_NSGCNlTMxG.blob?auto=compress&w=900&h=675&fit=min&fm=jpg,#,

certificate,Certificado 1,Arduino no Ver√£o 2022,,,https://www.even3.com.br/documentos/imprimir?i=7414808.5678221.9.7.565010423099673&cc=CE56A677-233E-4A17-BED9-54EEF3F52725,
certificate,Certificado 2,Automa√ß√£o no Ver√£o 2023,,,https://via.placeholder.com/150,

extension,Extensao 1,SNCT 2025,"Semana Nacional de Ci√™ncia e Tecnologia 2025",https://www.uema.br/wp-content/uploads/2023/10/logo_snct_2023_horizontal.png,#,
extension,Extensao 2,RRS 2026,"Rond√¥nia Rural Show",https://agroagenda.agr.br/wp-content/uploads/2024/03/Design-sem-nome-3-1070x650.png,#,
extension,Extensao 3,SNCT 2024,"Semana Nacional de Ci√™ncia e Tecnologia 2024",https://www.uema.br/wp-content/uploads/2023/10/logo_snct_2023_horizontal.png,#,

recognition,bolsa_ic,"Bolsa de Inicia√ß√£o Cient√≠fica","Concedida pelo CNPq para pesquisa em automa√ß√£o rob√≥tica",,https://www.cnpq.br,
recognition,hackathon2023,"1¬∫ Lugar em Hackathon","Competi√ß√£o nacional de rob√≥tica aplicada em 2023",,,
recognition,mencao_honrosa,"Medalha Meritum 2025 OBR Maker","Reconhecimento pela estrutura na OBR 2025",,,
